/*
 Navicat Premium Data Transfer

 Source Server         : local
 Source Server Type    : MySQL
 Source Server Version : 50726
 Source Host           : localhost:3306
 Source Schema         : goweb

 Target Server Type    : MySQL
 Target Server Version : 50726
 File Encoding         : 65001

 Date: 28/03/2022 17:09:04
*/

SET NAMES utf8mb4;
SET FOREIGN_KEY_CHECKS = 0;

-- ----------------------------
-- Table structure for articles
-- ----------------------------
DROP TABLE IF EXISTS `articles`;
CREATE TABLE `articles`  (
  `id` bigint(20) UNSIGNED NOT NULL AUTO_INCREMENT,
  `created_at` datetime(3) NULL DEFAULT NULL,
  `updated_at` datetime(3) NULL DEFAULT NULL,
  `title` varchar(200) CHARACTER SET utf8mb4 COLLATE utf8mb4_bin NOT NULL,
  `body` longtext CHARACTER SET utf8mb4 COLLATE utf8mb4_bin NOT NULL,
  `user_id` bigint(20) UNSIGNED NOT NULL,
  `category_id` bigint(20) UNSIGNED NOT NULL DEFAULT 4,
  PRIMARY KEY (`id`) USING BTREE,
  INDEX `idx_articles_updated_at`(`updated_at`) USING BTREE,
  INDEX `idx_articles_user_id`(`user_id`) USING BTREE,
  INDEX `idx_articles_category_id`(`category_id`) USING BTREE,
  INDEX `idx_articles_created_at`(`created_at`) USING BTREE
) ENGINE = MyISAM AUTO_INCREMENT = 13 CHARACTER SET = utf8mb4 COLLATE = utf8mb4_bin ROW_FORMAT = Dynamic;

-- ----------------------------
-- Records of articles
-- ----------------------------
INSERT INTO `articles` VALUES (3, '2022-03-22 14:35:23.000', '2022-03-22 14:43:06.000', 'test', '都是大苏打实打实打算得瑟得瑟得瑟得瑟得瑟的的似的是的，得瑟得瑟得瑟得瑟得瑟', 1, 4);
INSERT INTO `articles` VALUES (4, '2022-03-23 11:57:07.677', '2022-03-23 11:57:07.677', '什么是灵魂伴侣？', '“灵魂伴侣”是一个听起来很动人的词儿，但具体它指代什么，如果真的让一个人列出个一二三四，就会变得迷茫。\r\n\r\n\r\n\r\n&lt;font color=&#34;red&#34;&gt;有一些听起来很有道理的标准，其实经不起推敲。&lt;/font&gt;\r\n\r\n比如“对我好”，包括物质上的慷慨和时间上的付出，但实际上这属于门槛不高的“行为”，而是一种“特质”。说得唐突一些，一个人在某个阶段比较上头，都可以作出这种行为。\r\n\r\n比如“懂我”“三观契合”，其实也不过是相似的兴趣爱好，可以和你在一些事情上有共同的看法，能在你说话的时候注意倾听一下你，其实这个门槛也真的不是特别高，你仔细想想，其实你过往情感经历当中遇到的一些备胎们，没准有的人也具备这个特质。\r\n\r\n \r\n\r\n所以，什么才是真正的灵魂伴侣呢？\r\n\r\n其实我们大部分人在感情当中，往往会遇到三种类型的人：辐射者，牟利者，共情者。\r\n\r\n比如你今天工作十分不开心，你因为业务上的问题被领导批评了一顿，下班了之后你心情也没消散，坐在工位上生闷气。\r\n\r\n如果有人这个时候过来，问你怎么了，你和他讲了经过，这个时候，三种类型的人表现是不同的。\r\n\r\n【辐射者】要么会和你说“职场上这样的事情多了去了，难不成你每次都要因为这样的问题哭一鼻子么？把自己业务做好，心态调整好，这样你才能扛住更多的压力，我当初也是这么过来的。”要么会和你说“嗨我以为多大的事情，我跟你说领导就这德行，别放在心上，走吧走吧，我带你喝酒吃肉去，换个心情”\r\n\r\n——你会发现，【辐射者】是很难和你产生什么共情的，他们一直在以自己的角度来看待问题和解决问题。\r\n\r\n你不能说他们不对你好，因为不管是要你强大你的内心，还是带着你到处玩，都是站在他们的角度上觉得你这个时候应该做什么事情，这么做对你更好。但是他们美中不足的地方就在于，他们一直站在自己的角度看问题。\r\n\r\n其实有的女生是会被这种人带跑的，因为这些人虽然可能一直在把自己的想法和做事方式辐射给你，但是他们至少给了一个解决方案，这会让很多女生产生一种依赖的感觉，她们会觉得这个男生对自己特别好，能够照顾好自己或者开导自己。\r\n\r\n但是问题就在于，随着你性格的不断成熟和发展，你会逐渐不习惯这种人【辐射】的行为本身的，这些人可能没有什么恶意，但是有的时候，你总是感觉差了点什么。如果你是一个个性不是很强的人的话，那么你会很享受；但是如果你是一个很独立或者特别自我的人的话，有的时候，你会不舒服。\r\n\r\n \r\n\r\n【牟利者】甚至都不需要你把这个事情讲完，他立马就开始迎合你：“我跟你讲，你们领导就是一个傻X，这种脑子被门挤了”“就给这些钱，想要啥自行车啊，给他做了就可以了，还蹬鼻子上脸了”“你真善良，要是换成我，我能揍死他”\r\n\r\n——听得特别爽对吧，甚至会有女生觉得“啊这种男生真好，懂我”“这就是我要的，可以和我共情的人”，不你错了，【牟利者】其实连【辐射者】都不如。\r\n\r\n因为【辐射者】虽然有的时候不太在乎你的感受，虽然经常性地在把自己身上的一些观点和看法强加到你身上，但是他们本质上还是为你好。\r\n\r\n但是【牟利者】的所有行为都只有一个出发点：取悦你。', 1, 2);
INSERT INTO `articles` VALUES (5, '2022-03-23 11:58:26.434', '2022-03-23 11:58:26.434', '吞咽', '许多人幼时祸害过蚕和西瓜虫，摘桑叶拆纸盒，蹲守虫的吃喝拉撒，用纸笔记录它们被玩死的一生，再交给语文老师或者自然老师。我没有过。因为在相同的年龄段，我莫名感觉自己就是盒里的虫，便不忍心向同类伸手。对小孩来讲，这是不可思议的情绪，又确实纠缠过我。那几年县城招商引资，来了数家玻纤厂，工业废料玻纤丝堆积如山，它们折射阳光时如同瘫软的金属，从城郊向城中蔓延，是机械和工人的共同吞吐与排泄。尽管如此，玻纤厂的工资仅能留住小部分劳动力，更多人，我的父母、我朋友的父母都外出打工，从长三角流淌至珠三角。\r\n\r\n当时应该还没普及“留守儿童”这个专有名词，更没有人关注过“留守儿童”的生活困境，七岁前我们散漫地分布在各个乡镇，等到学龄，赋闲的奶奶和外婆陪我们来到县城，租住学校周边的简陋平房，开启十多年的求学人生。一张床、一套桌椅、单间无卫浴，阴雨天黑黢黢，白炽灯电压不稳，清早老人站在楼道中先干呕，随后把体内、体外的水稀里哗啦地冲进痰盂。我和我的邻居兼好朋友胖子，想尽办法不待在狭小的空间里，周末和无须补课的暑假，整天游荡在县城的街巷，看向无人的街景和繁茂的行道树，不免生出旷日的愁苦与疑惑：梧桐、樟树、渣土车、玻纤和人类，到底谁常住于此，谁受困其中。\r\n\r\n彼时我与胖子有共同的难题，我们都没法克服每年春节结束去车站送爹妈返工的忧愁。忧愁没有形状，但情感不难与具象联系。我的难过散发着硝臭，爸妈年三十回来，正月初七走，来去都是在爆竹燃尽之时。我的忧愁积攒太久，后变异成愤怒，脾气无理由地变得古怪沉闷，身边人少，就不知道如何与人相处。胖子则不会愤怒，他仿佛是一块绵密的球体，独自吸收乃至消化忧愁，不论和我相处，还是和别人相处都毫无攻击性。\r\n\r\n不过胖子的心理问题似乎没有影响到生理，他健壮能吃，我们两家合用一个厨房，他奶奶经常在梅雨天气用煤炉炖仔鸡和乳鸽，整个楼道都是潮湿的腥气，老人家端着碗看他大口咀嚼，自己不下筷子，满脸慈祥。胖子的体重随年纪日益增长，从敦实的小胖子变成了稍显碍眼的大号胖子，奶奶日渐憔悴，最后脸部肌肉撑不起寻常的笑容，她在一个冬天回到了乡下老家，我就再没见过。过完年后的新学期，胖子他爸妈扛着大包小包进了楼道，隔几天又大包小包搬出租屋，陪读老人的离世和玻纤厂生意的如日中天让胖子的父母没再外出打工。我不知道胖子的爸妈原先是做什么的，应该和我的父母并无区别。总要有妈妈放弃给自家孩子做饭做菜，而去照顾别人的家庭，爸爸计划把乡下的老房子推倒重建，就先得在毛坯房里不舍昼夜地刷漆和涂料。父母们在外地的谋生技能完全不算神通，但回到县城，他们只能搬到城郊，入职玻纤厂，夜班换白班在两人内部协商。', 1, 4);
INSERT INTO `articles` VALUES (6, '2022-03-23 12:03:56.745', '2022-03-23 12:03:56.745', '1111111', '1111111111111111111111111111', 1, 3);
INSERT INTO `articles` VALUES (7, '2022-03-23 12:17:29.878', '2022-03-23 12:17:29.878', 'rererererere', 'rererereeeeeeeeeeeeeeee', 1, 4);
INSERT INTO `articles` VALUES (8, '2022-03-23 12:23:54.126', '2022-03-23 12:23:54.126', '啊啊啊', '许多人幼时祸害过蚕和西瓜虫，摘桑叶拆纸盒，蹲守虫的吃喝拉撒，用纸笔记录它们被玩死的一生，再交给语文老师或者自然老师。我没有过。因为在相同的年龄段，我莫名感觉自己就是盒里的虫，便不忍心向同类伸手。对小孩来讲，这是不可思议的情绪，又确实纠缠过我。那几年县城招商引资，来了数家玻纤厂，工业废料玻纤丝堆积如山，它们折射阳光时如同瘫软的金属，从城郊向城中蔓延，是机械和工人的共同吞吐与排泄。尽管如此，玻纤厂的工资仅能留住小部分劳动力，更多人，我的父母、我朋友的父母都外出打工，从长三角流淌至珠三角。\r\n\r\n当时应该还没普及“留守儿童”这个专有名词，更没有人关注过“留守儿童”的生活困境，七岁前我们散漫地分布在各个乡镇，等到学龄，赋闲的奶奶和外婆陪我们来到县城，租住学校周边的简陋平房，开启十多年的求学人生。一张床、一套桌椅、单间无卫浴，阴雨天黑黢黢，白炽灯电压不稳，清早老人站在楼道中先干呕，随后把体内、体外的水稀里哗啦地冲进痰盂。我和我的邻居兼好朋友胖子，想尽办法不待在狭小的空间里，周末和无须补课的暑假，整天游荡在县城的街巷，看向无人的街景和繁茂的行道树，不免生出旷日的愁苦与疑惑：梧桐、樟树、渣土车、玻纤和人类，到底谁常住于此，谁受困其中。\r\n\r\n彼时我与胖子有共同的难题，我们都没法克服每年春节结束去车站送爹妈返工的忧愁。忧愁没有形状，但情感不难与具象联系。我的难过散发着硝臭，爸妈年三十回来，正月初七走，来去都是在爆竹燃尽之时。我的忧愁积攒太久，后变异成愤怒，脾气无理由地变得古怪沉闷，身边人少，就不知道如何与人相处。胖子则不会愤怒，他仿佛是一块绵密的球体，独自吸收乃至消化忧愁，不论和我相处，还是和别人相处都毫无攻击性。\r\n\r\n不过胖子的心理问题似乎没有影响到生理，他健壮能吃，我们两家合用一个厨房，他奶奶经常在梅雨天气用煤炉炖仔鸡和乳鸽，整个楼道都是潮湿的腥气，老人家端着碗看他大口咀嚼，自己不下筷子，满脸慈祥。胖子的体重随年纪日益增长，从敦实的小胖子变成了稍显碍眼的大号胖子，奶奶日渐憔悴，最后脸部肌肉撑不起寻常的笑容，她在一个冬天回到了乡下老家，我就再没见过。过完年后的新学期，胖子他爸妈扛着大包小包进了楼道，隔几天又大包小包搬出租屋，陪读老人的离世和玻纤厂生意的如日中天让胖子的父母没再外出打工。我不知道胖子的爸妈原先是做什么的，应该和我的父母并无区别。总要有妈妈放弃给自家孩子做饭做菜，而去照顾别人的家庭，爸爸计划把乡下的老房子推倒重建，就先得在毛坯房里不舍昼夜地刷漆和涂料。父母们在外地的谋生技能完全不算神通，但回到县城，他们只能搬到城郊，入职玻纤厂，夜班换白班在两人内部协商。', 1, 4);
INSERT INTO `articles` VALUES (9, '2022-03-23 12:24:59.619', '2022-03-23 12:24:59.619', '飞得更高', '许多人幼时祸害过蚕和西瓜虫，摘桑叶拆纸盒，蹲守虫的吃喝拉撒，用纸笔记录它们被玩死的一生，再交给语文老师或者自然老师。我没有过。因为在相同的年龄段，我莫名感觉自己就是盒里的虫，便不忍心向同类伸手。对小孩来讲，这是不可思议的情绪，又确实纠缠过我。那几年县城招商引资，来了数家玻纤厂，工业废料玻纤丝堆积如山，它们折射阳光时如同瘫软的金属，从城郊向城中蔓延，是机械和工人的共同吞吐与排泄。尽管如此，玻纤厂的工资仅能留住小部分劳动力，更多人，我的父母、我朋友的父母都外出打工，从长三角流淌至珠三角。\r\n\r\n当时应该还没普及“留守儿童”这个专有名词，更没有人关注过“留守儿童”的生活困境，七岁前我们散漫地分布在各个乡镇，等到学龄，赋闲的奶奶和外婆陪我们来到县城，租住学校周边的简陋平房，开启十多年的求学人生。一张床、一套桌椅、单间无卫浴，阴雨天黑黢黢，白炽灯电压不稳，清早老人站在楼道中先干呕，随后把体内、体外的水稀里哗啦地冲进痰盂。我和我的邻居兼好朋友胖子，想尽办法不待在狭小的空间里，周末和无须补课的暑假，整天游荡在县城的街巷，看向无人的街景和繁茂的行道树，不免生出旷日的愁苦与疑惑：梧桐、樟树、渣土车、玻纤和人类，到底谁常住于此，谁受困其中。\r\n\r\n彼时我与胖子有共同的难题，我们都没法克服每年春节结束去车站送爹妈返工的忧愁。忧愁没有形状，但情感不难与具象联系。我的难过散发着硝臭，爸妈年三十回来，正月初七走，来去都是在爆竹燃尽之时。我的忧愁积攒太久，后变异成愤怒，脾气无理由地变得古怪沉闷，身边人少，就不知道如何与人相处。胖子则不会愤怒，他仿佛是一块绵密的球体，独自吸收乃至消化忧愁，不论和我相处，还是和别人相处都毫无攻击性。\r\n\r\n不过胖子的心理问题似乎没有影响到生理，他健壮能吃，我们两家合用一个厨房，他奶奶经常在梅雨天气用煤炉炖仔鸡和乳鸽，整个楼道都是潮湿的腥气，老人家端着碗看他大口咀嚼，自己不下筷子，满脸慈祥。胖子的体重随年纪日益增长，从敦实的小胖子变成了稍显碍眼的大号胖子，奶奶日渐憔悴，最后脸部肌肉撑不起寻常的笑容，她在一个冬天回到了乡下老家，我就再没见过。过完年后的新学期，胖子他爸妈扛着大包小包进了楼道，隔几天又大包小包搬出租屋，陪读老人的离世和玻纤厂生意的如日中天让胖子的父母没再外出打工。我不知道胖子的爸妈原先是做什么的，应该和我的父母并无区别。总要有妈妈放弃给自家孩子做饭做菜，而去照顾别人的家庭，爸爸计划把乡下的老房子推倒重建，就先得在毛坯房里不舍昼夜地刷漆和涂料。父母们在外地的谋生技能完全不算神通，但回到县城，他们只能搬到城郊，入职玻纤厂，夜班换白班在两人内部协商。', 1, 4);
INSERT INTO `articles` VALUES (10, '2022-03-23 12:28:16.757', '2022-03-23 12:28:16.757', 'aaaaaaaaaa啊啊啊啊', '啊啊啊啊啊啊啊啊啊ssss\r\n\r\n333\r\n  4444\r\n22去\r\n      \r\n    ', 1, 4);
INSERT INTO `articles` VALUES (11, '2022-03-25 06:19:33.739', '2022-03-25 06:19:33.739', 'dsdsd', '是顶顶顶顶顶顶顶顶顶顶顶顶顶顶顶顶顶顶', 1, 2);
INSERT INTO `articles` VALUES (12, '2022-03-26 01:29:58.470', '2022-03-26 01:29:58.470', '春天，十个海子全部复活', '寻找对实体的接触（《河流》原序）\r\n\r\n\r\n——直接面对实体我喜欢塞尚的画。他的画是一种实体的画。\r\n\r\n他给这个世界带来了质量和体积。这就足够了。\r\n\r\n诗，说到底，就是寻找对实体的接触。这种对实体的意识和感觉，是史诗的最基本特质。当前，有一小批年轻的诗人开始走向我们民族的心灵深处，揭开黄色的皮肤，看一看古老的沉积着流水和暗红色血块的心脏，看一看河流的含沙量和冲击力。他们提出了警告，也提出了希望。虽然他们的诗带有比较文化的痕迹，但我们这个民族毕竟站起来歌唱自身了。我决心用自己的诗的方式加入这支队伍。我希望能找到对土地和河流——这些巨大物质实体的触摸方式。我开始时写过神话诗，《诗经》和《楚辞》像两条大河哺育了我。但神话的把握缺乏一种强烈的穿透性。\r\n\r\n诗应是一种主体和实体间面对面的解体和重新诞生。诗应是实体强烈的呼唤和一种微微的颤抖。我写了北方，土地的冷酷和繁殖力，种籽穿透一切在民族宽厚的手掌上生长。\r\n\r\n我写了河流。我想触到真正的粗糙的土地。\r\n\r\n其实，实体就是主体，是谓语诞生前的主体状态，是主体的沉默的核心。我们应该沉默地接近这个核心。实体永远只是被表达，不能被创造。它是真正的诗的基石。才能是次要的，诗人的任务仅仅是用自己的敏感力和生命之光把这黑乎乎的实体照亮，使它裸露于此。这是一个辉煌的瞬间。诗提醒你，这是实体——你在实体中生活——你应回到自身。\r\n\r\n诗不是诗人的陈述。更多的时候诗是实体在倾诉。你也许会在自己的诗里听到另外一种声音，这就是“他”的声音。这是一种突然的、处于高度亢奋之中的状态，是一种使人目瞪口呆的自发性。诗的超现实平面上的暗示力和穿透力能够传递表达这种状态。这时，生命力的原初面孔显现了。它是无节制的、扭曲的（不如说是正常的），像黑夜里月亮、水、情欲和丧歌的沉痛的声音。这个时候，诗就是在不停地走动着和歌唱的语言。生命的火舌和舞蹈俯身于每一个躯体之上。火，呼地一下烧了起来。', 2, 2);

-- ----------------------------
-- Table structure for categories
-- ----------------------------
DROP TABLE IF EXISTS `categories`;
CREATE TABLE `categories`  (
  `id` bigint(20) UNSIGNED NOT NULL AUTO_INCREMENT,
  `created_at` datetime(3) NULL DEFAULT NULL,
  `updated_at` datetime(3) NULL DEFAULT NULL,
  `name` varchar(200) CHARACTER SET utf8mb4 COLLATE utf8mb4_bin NOT NULL,
  PRIMARY KEY (`id`) USING BTREE,
  INDEX `idx_categories_created_at`(`created_at`) USING BTREE,
  INDEX `idx_categories_updated_at`(`updated_at`) USING BTREE
) ENGINE = MyISAM AUTO_INCREMENT = 21 CHARACTER SET = utf8mb4 COLLATE = utf8mb4_bin ROW_FORMAT = Dynamic;

-- ----------------------------
-- Records of categories
-- ----------------------------
INSERT INTO `categories` VALUES (2, '2022-03-22 14:34:57.000', '2022-03-22 14:35:00.000', '生活感想');
INSERT INTO `categories` VALUES (3, '2022-03-22 12:08:43.701', '2022-03-23 14:31:15.000', '技术畅聊');
INSERT INTO `categories` VALUES (4, '2022-03-22 12:15:38.784', '2022-03-22 12:15:38.784', '张三李四');

-- ----------------------------
-- Table structure for users
-- ----------------------------
DROP TABLE IF EXISTS `users`;
CREATE TABLE `users`  (
  `id` bigint(20) UNSIGNED NOT NULL AUTO_INCREMENT,
  `name` varchar(200) CHARACTER SET utf8mb4 COLLATE utf8mb4_bin NOT NULL,
  `email` varchar(200) CHARACTER SET utf8mb4 COLLATE utf8mb4_bin NULL DEFAULT NULL,
  `password` varchar(200) CHARACTER SET utf8mb4 COLLATE utf8mb4_bin NULL DEFAULT NULL,
  `created_at` datetime(3) NULL DEFAULT NULL,
  `updated_at` datetime(3) NULL DEFAULT NULL,
  PRIMARY KEY (`id`) USING BTREE,
  UNIQUE INDEX `name`(`name`) USING BTREE,
  UNIQUE INDEX `email`(`email`) USING BTREE,
  INDEX `idx_users_created_at`(`created_at`) USING BTREE,
  INDEX `idx_users_updated_at`(`updated_at`) USING BTREE
) ENGINE = MyISAM AUTO_INCREMENT = 3 CHARACTER SET = utf8mb4 COLLATE = utf8mb4_bin ROW_FORMAT = Dynamic;

-- ----------------------------
-- Records of users password:123456
-- ----------------------------
INSERT INTO `users` VALUES (1, 'admin', 'admin@admin.com', '$2a$14$8x2QPw9/4dPznh8MdKUYYuxSDk562u/uEXhiyAAi3ppVf.bTWCT6K', '2022-03-11 02:18:37.092', '2022-03-22 17:41:21.000');
INSERT INTO `users` VALUES (2, 'danny', 'danny@danny.com', '$2a$14$x2ZhmZ3BYtXJ0iiL5JPw4uEL0xbFeVPP4O/v8jU2ZR.E.pOU4fziu', '2022-03-25 07:59:40.299', NULL);

SET FOREIGN_KEY_CHECKS = 1;
